{
    "rmse": 9612.650448629325,
    "mae": 7531.523514726473,
    "r2": 0.40480641767800885
}